{"cameraMode":{"drawMode":0,"name":"Shaded","section":"Shading Mode"},"sceneLighting":false,"audioPlay":false,"sceneViewState":{"m_AlwaysRefresh":false,"showFog":true,"showSkybox":false,"showFlares":true,"showImageEffects":true,"showParticleSystems":true,"showVisualEffectGraphs":true,"m_FxEnabled":true},"in2DMode":false,"pivot":{"x":0.000700831413269043,"y":8.943024635314942,"z":-2.9070634841918947},"rotation":{"x":-0.030142085626721383,"y":0.9006940126419067,"z":0.06332509219646454,"w":0.42876970767974856},"size":6.057517051696777,"orthographic":false}