{"cameraMode":{"drawMode":0,"name":"Shaded","section":"Shading Mode"},"sceneLighting":false,"audioPlay":false,"sceneViewState":{"m_AlwaysRefresh":false,"showFog":true,"showSkybox":false,"showFlares":true,"showImageEffects":true,"showParticleSystems":true,"showVisualEffectGraphs":true,"m_FxEnabled":true},"in2DMode":false,"pivot":{"x":-0.10581088066101074,"y":8.85773754119873,"z":3.14979887008667},"rotation":{"x":-0.030142085626721383,"y":0.9006940126419067,"z":0.06332509219646454,"w":0.42876970767974856},"size":1.8432128429412842,"orthographic":false}