{"cameraMode":{"drawMode":0,"name":"Shaded","section":"Shading Mode"},"sceneLighting":true,"audioPlay":false,"sceneViewState":{"m_AlwaysRefresh":false,"showFog":true,"showSkybox":true,"showFlares":true,"showImageEffects":true,"showParticleSystems":true,"showVisualEffectGraphs":true,"m_FxEnabled":true},"in2DMode":false,"pivot":{"x":529.3968505859375,"y":354.60919189453127,"z":31.89227294921875},"rotation":{"x":-0.019188299775123597,"y":0.014992788434028626,"z":0.000265073380433023,"w":0.9997313618659973},"size":433.62298583984377,"orthographic":false}